,date,author,vertical,headline,decription
0,"Last Updated: Nov 30, 2020, 02:54 PM IST",PTI,Business News,Utpal Kumar Singh appointed Lok Sabha Secretary General,"New Delhi: Lok Sabha Speaker Om Birla on Monday appointed senior IAS officer Utpal Kumar Singh as Secretary General of the Lok Sabha, an official order said. Singh, a 1986 batch IAS officer of Uttrakhand Cadre, will assume charge on December 1. He will succeed incumbent Snehlata Shrivastava.

Singh has been appointed as Secretary General of the Lok Sabha in the rank and status of Cabinet Secretary with effect from December 1, 2020, the Lok Sabha secretariat said in a statement.

At present, he is posted as Secretary in the Lok Sabha secretariat.
#Elections With
Assembly Election News
AllWest BengalTamil NaduAssamKeralaPuducherry
West Bengal second phase polls by and large peaceful till 11 am, sporadic skirmishes reported
Local BJP leader detained in Bengal for coming within 100 metres of pooling booth
Mamata to stay for whole day, TMC complains agents not allowed in several booths
Live: Amid brisk polling. TMC& BJP allege voter intimidation

According to the statement, Singh has 34 years of ""rich and varied"" administrative experience and has served in both central and state governments in various capacities.

His tenure as Chief Secretary of Uttarakhand for more than two-and-a-half-years provided an enhanced momentum in policy formulation and management across all sectors of the state and economy, the secretariat said. ngh has also held several important positions at the Centre, as Additional Secretary, Ministry of Agriculture and Farmers Welfare, it said. JTR RHL"
1,"Last Updated: Nov 30, 2020, 02:54 PM IST",PTI,Business News,Utpal Kumar Singh appointed Lok Sabha Secretary General,"New Delhi: Lok Sabha Speaker Om Birla on Monday appointed senior IAS officer Utpal Kumar Singh as Secretary General of the Lok Sabha, an official order said. Singh, a 1986 batch IAS officer of Uttrakhand Cadre, will assume charge on December 1. He will succeed incumbent Snehlata Shrivastava.

Singh has been appointed as Secretary General of the Lok Sabha in the rank and status of Cabinet Secretary with effect from December 1, 2020, the Lok Sabha secretariat said in a statement.

At present, he is posted as Secretary in the Lok Sabha secretariat.
#Elections With
Assembly Election News
AllWest BengalTamil NaduAssamKeralaPuducherry
West Bengal second phase polls by and large peaceful till 11 am, sporadic skirmishes reported
Local BJP leader detained in Bengal for coming within 100 metres of pooling booth
Mamata to stay for whole day, TMC complains agents not allowed in several booths
Live: Amid brisk polling. TMC& BJP allege voter intimidation

According to the statement, Singh has 34 years of ""rich and varied"" administrative experience and has served in both central and state governments in various capacities.

His tenure as Chief Secretary of Uttarakhand for more than two-and-a-half-years provided an enhanced momentum in policy formulation and management across all sectors of the state and economy, the secretariat said. ngh has also held several important positions at the Centre, as Additional Secretary, Ministry of Agriculture and Farmers Welfare, it said. JTR RHL"
2,"Last Updated: Nov 30, 2020, 02:54 PM IST",PTI,Business News,Utpal Kumar Singh appointed Lok Sabha Secretary General,"New Delhi: Lok Sabha Speaker Om Birla on Monday appointed senior IAS officer Utpal Kumar Singh as Secretary General of the Lok Sabha, an official order said. Singh, a 1986 batch IAS officer of Uttrakhand Cadre, will assume charge on December 1. He will succeed incumbent Snehlata Shrivastava.

Singh has been appointed as Secretary General of the Lok Sabha in the rank and status of Cabinet Secretary with effect from December 1, 2020, the Lok Sabha secretariat said in a statement.

At present, he is posted as Secretary in the Lok Sabha secretariat.
#Elections With
Assembly Election News
AllWest BengalTamil NaduAssamKeralaPuducherry
West Bengal second phase polls by and large peaceful till 11 am, sporadic skirmishes reported
Local BJP leader detained in Bengal for coming within 100 metres of pooling booth
Mamata to stay for whole day, TMC complains agents not allowed in several booths
Live: Amid brisk polling. TMC& BJP allege voter intimidation

According to the statement, Singh has 34 years of ""rich and varied"" administrative experience and has served in both central and state governments in various capacities.

His tenure as Chief Secretary of Uttarakhand for more than two-and-a-half-years provided an enhanced momentum in policy formulation and management across all sectors of the state and economy, the secretariat said. ngh has also held several important positions at the Centre, as Additional Secretary, Ministry of Agriculture and Farmers Welfare, it said. JTR RHL"
3,"Last Updated: Nov 30, 2020, 02:54 PM IST",PTI,Business News,Utpal Kumar Singh appointed Lok Sabha Secretary General,"New Delhi: Lok Sabha Speaker Om Birla on Monday appointed senior IAS officer Utpal Kumar Singh as Secretary General of the Lok Sabha, an official order said. Singh, a 1986 batch IAS officer of Uttrakhand Cadre, will assume charge on December 1. He will succeed incumbent Snehlata Shrivastava.

Singh has been appointed as Secretary General of the Lok Sabha in the rank and status of Cabinet Secretary with effect from December 1, 2020, the Lok Sabha secretariat said in a statement.

At present, he is posted as Secretary in the Lok Sabha secretariat.
#Elections With
Assembly Election News
AllWest BengalTamil NaduAssamKeralaPuducherry
West Bengal second phase polls by and large peaceful till 11 am, sporadic skirmishes reported
Local BJP leader detained in Bengal for coming within 100 metres of pooling booth
Mamata to stay for whole day, TMC complains agents not allowed in several booths
Live: Amid brisk polling. TMC& BJP allege voter intimidation

According to the statement, Singh has 34 years of ""rich and varied"" administrative experience and has served in both central and state governments in various capacities.

His tenure as Chief Secretary of Uttarakhand for more than two-and-a-half-years provided an enhanced momentum in policy formulation and management across all sectors of the state and economy, the secretariat said. ngh has also held several important positions at the Centre, as Additional Secretary, Ministry of Agriculture and Farmers Welfare, it said. JTR RHL"
4,"Last Updated: Nov 30, 2020, 02:54 PM IST",PTI,Business News,Utpal Kumar Singh appointed Lok Sabha Secretary General,"New Delhi: Lok Sabha Speaker Om Birla on Monday appointed senior IAS officer Utpal Kumar Singh as Secretary General of the Lok Sabha, an official order said. Singh, a 1986 batch IAS officer of Uttrakhand Cadre, will assume charge on December 1. He will succeed incumbent Snehlata Shrivastava.

Singh has been appointed as Secretary General of the Lok Sabha in the rank and status of Cabinet Secretary with effect from December 1, 2020, the Lok Sabha secretariat said in a statement.

At present, he is posted as Secretary in the Lok Sabha secretariat.
#Elections With
Assembly Election News
AllWest BengalTamil NaduAssamKeralaPuducherry
West Bengal second phase polls by and large peaceful till 11 am, sporadic skirmishes reported
Local BJP leader detained in Bengal for coming within 100 metres of pooling booth
Mamata to stay for whole day, TMC complains agents not allowed in several booths
Live: Amid brisk polling. TMC& BJP allege voter intimidation

According to the statement, Singh has 34 years of ""rich and varied"" administrative experience and has served in both central and state governments in various capacities.

His tenure as Chief Secretary of Uttarakhand for more than two-and-a-half-years provided an enhanced momentum in policy formulation and management across all sectors of the state and economy, the secretariat said. ngh has also held several important positions at the Centre, as Additional Secretary, Ministry of Agriculture and Farmers Welfare, it said. JTR RHL"
5,"Last Updated: Nov 30, 2020, 02:54 PM IST",PTI,Business News,Utpal Kumar Singh appointed Lok Sabha Secretary General,"New Delhi: Lok Sabha Speaker Om Birla on Monday appointed senior IAS officer Utpal Kumar Singh as Secretary General of the Lok Sabha, an official order said. Singh, a 1986 batch IAS officer of Uttrakhand Cadre, will assume charge on December 1. He will succeed incumbent Snehlata Shrivastava.

Singh has been appointed as Secretary General of the Lok Sabha in the rank and status of Cabinet Secretary with effect from December 1, 2020, the Lok Sabha secretariat said in a statement.

At present, he is posted as Secretary in the Lok Sabha secretariat.
#Elections With
Assembly Election News
AllWest BengalTamil NaduAssamKeralaPuducherry
West Bengal second phase polls by and large peaceful till 11 am, sporadic skirmishes reported
Local BJP leader detained in Bengal for coming within 100 metres of pooling booth
Mamata to stay for whole day, TMC complains agents not allowed in several booths
Live: Amid brisk polling. TMC& BJP allege voter intimidation

According to the statement, Singh has 34 years of ""rich and varied"" administrative experience and has served in both central and state governments in various capacities.

His tenure as Chief Secretary of Uttarakhand for more than two-and-a-half-years provided an enhanced momentum in policy formulation and management across all sectors of the state and economy, the secretariat said. ngh has also held several important positions at the Centre, as Additional Secretary, Ministry of Agriculture and Farmers Welfare, it said. JTR RHL"
6,"Last Updated: Nov 30, 2020, 02:54 PM IST",PTI,Business News,Utpal Kumar Singh appointed Lok Sabha Secretary General,"New Delhi: Lok Sabha Speaker Om Birla on Monday appointed senior IAS officer Utpal Kumar Singh as Secretary General of the Lok Sabha, an official order said. Singh, a 1986 batch IAS officer of Uttrakhand Cadre, will assume charge on December 1. He will succeed incumbent Snehlata Shrivastava.

Singh has been appointed as Secretary General of the Lok Sabha in the rank and status of Cabinet Secretary with effect from December 1, 2020, the Lok Sabha secretariat said in a statement.

At present, he is posted as Secretary in the Lok Sabha secretariat.
#Elections With
Assembly Election News
AllWest BengalTamil NaduAssamKeralaPuducherry
West Bengal second phase polls by and large peaceful till 11 am, sporadic skirmishes reported
Local BJP leader detained in Bengal for coming within 100 metres of pooling booth
Mamata to stay for whole day, TMC complains agents not allowed in several booths
Live: Amid brisk polling. TMC& BJP allege voter intimidation

According to the statement, Singh has 34 years of ""rich and varied"" administrative experience and has served in both central and state governments in various capacities.

His tenure as Chief Secretary of Uttarakhand for more than two-and-a-half-years provided an enhanced momentum in policy formulation and management across all sectors of the state and economy, the secretariat said. ngh has also held several important positions at the Centre, as Additional Secretary, Ministry of Agriculture and Farmers Welfare, it said. JTR RHL"
7,"Last Updated: Nov 30, 2020, 02:54 PM IST",PTI,Business News,Utpal Kumar Singh appointed Lok Sabha Secretary General,"New Delhi: Lok Sabha Speaker Om Birla on Monday appointed senior IAS officer Utpal Kumar Singh as Secretary General of the Lok Sabha, an official order said. Singh, a 1986 batch IAS officer of Uttrakhand Cadre, will assume charge on December 1. He will succeed incumbent Snehlata Shrivastava.

Singh has been appointed as Secretary General of the Lok Sabha in the rank and status of Cabinet Secretary with effect from December 1, 2020, the Lok Sabha secretariat said in a statement.

At present, he is posted as Secretary in the Lok Sabha secretariat.
#Elections With
Assembly Election News
AllWest BengalTamil NaduAssamKeralaPuducherry
West Bengal second phase polls by and large peaceful till 11 am, sporadic skirmishes reported
Local BJP leader detained in Bengal for coming within 100 metres of pooling booth
Mamata to stay for whole day, TMC complains agents not allowed in several booths
Live: Amid brisk polling. TMC& BJP allege voter intimidation

According to the statement, Singh has 34 years of ""rich and varied"" administrative experience and has served in both central and state governments in various capacities.

His tenure as Chief Secretary of Uttarakhand for more than two-and-a-half-years provided an enhanced momentum in policy formulation and management across all sectors of the state and economy, the secretariat said. ngh has also held several important positions at the Centre, as Additional Secretary, Ministry of Agriculture and Farmers Welfare, it said. JTR RHL"
8,"Last Updated: Nov 30, 2020, 02:54 PM IST",PTI,Business News,Utpal Kumar Singh appointed Lok Sabha Secretary General,"New Delhi: Lok Sabha Speaker Om Birla on Monday appointed senior IAS officer Utpal Kumar Singh as Secretary General of the Lok Sabha, an official order said. Singh, a 1986 batch IAS officer of Uttrakhand Cadre, will assume charge on December 1. He will succeed incumbent Snehlata Shrivastava.

Singh has been appointed as Secretary General of the Lok Sabha in the rank and status of Cabinet Secretary with effect from December 1, 2020, the Lok Sabha secretariat said in a statement.

At present, he is posted as Secretary in the Lok Sabha secretariat.
#Elections With
Assembly Election News
AllWest BengalTamil NaduAssamKeralaPuducherry
West Bengal second phase polls by and large peaceful till 11 am, sporadic skirmishes reported
Local BJP leader detained in Bengal for coming within 100 metres of pooling booth
Mamata to stay for whole day, TMC complains agents not allowed in several booths
Live: Amid brisk polling. TMC& BJP allege voter intimidation

According to the statement, Singh has 34 years of ""rich and varied"" administrative experience and has served in both central and state governments in various capacities.

His tenure as Chief Secretary of Uttarakhand for more than two-and-a-half-years provided an enhanced momentum in policy formulation and management across all sectors of the state and economy, the secretariat said. ngh has also held several important positions at the Centre, as Additional Secretary, Ministry of Agriculture and Farmers Welfare, it said. JTR RHL"
9,"Last Updated: Nov 30, 2020, 02:54 PM IST",PTI,Business News,Utpal Kumar Singh appointed Lok Sabha Secretary General,"New Delhi: Lok Sabha Speaker Om Birla on Monday appointed senior IAS officer Utpal Kumar Singh as Secretary General of the Lok Sabha, an official order said. Singh, a 1986 batch IAS officer of Uttrakhand Cadre, will assume charge on December 1. He will succeed incumbent Snehlata Shrivastava.

Singh has been appointed as Secretary General of the Lok Sabha in the rank and status of Cabinet Secretary with effect from December 1, 2020, the Lok Sabha secretariat said in a statement.

At present, he is posted as Secretary in the Lok Sabha secretariat.
#Elections With
Assembly Election News
AllWest BengalTamil NaduAssamKeralaPuducherry
West Bengal second phase polls by and large peaceful till 11 am, sporadic skirmishes reported
Local BJP leader detained in Bengal for coming within 100 metres of pooling booth
Mamata to stay for whole day, TMC complains agents not allowed in several booths
Live: Amid brisk polling. TMC& BJP allege voter intimidation

According to the statement, Singh has 34 years of ""rich and varied"" administrative experience and has served in both central and state governments in various capacities.

His tenure as Chief Secretary of Uttarakhand for more than two-and-a-half-years provided an enhanced momentum in policy formulation and management across all sectors of the state and economy, the secretariat said. ngh has also held several important positions at the Centre, as Additional Secretary, Ministry of Agriculture and Farmers Welfare, it said. JTR RHL"
10,"Last Updated: Nov 30, 2020, 02:54 PM IST",PTI,Business News,Utpal Kumar Singh appointed Lok Sabha Secretary General,"New Delhi: Lok Sabha Speaker Om Birla on Monday appointed senior IAS officer Utpal Kumar Singh as Secretary General of the Lok Sabha, an official order said. Singh, a 1986 batch IAS officer of Uttrakhand Cadre, will assume charge on December 1. He will succeed incumbent Snehlata Shrivastava.

Singh has been appointed as Secretary General of the Lok Sabha in the rank and status of Cabinet Secretary with effect from December 1, 2020, the Lok Sabha secretariat said in a statement.

At present, he is posted as Secretary in the Lok Sabha secretariat.
#Elections With
Assembly Election News
AllWest BengalTamil NaduAssamKeralaPuducherry
West Bengal second phase polls by and large peaceful till 11 am, sporadic skirmishes reported
Local BJP leader detained in Bengal for coming within 100 metres of pooling booth
Mamata to stay for whole day, TMC complains agents not allowed in several booths
Live: Amid brisk polling. TMC& BJP allege voter intimidation

According to the statement, Singh has 34 years of ""rich and varied"" administrative experience and has served in both central and state governments in various capacities.

His tenure as Chief Secretary of Uttarakhand for more than two-and-a-half-years provided an enhanced momentum in policy formulation and management across all sectors of the state and economy, the secretariat said. ngh has also held several important positions at the Centre, as Additional Secretary, Ministry of Agriculture and Farmers Welfare, it said. JTR RHL"
11,"Last Updated: Nov 30, 2020, 02:54 PM IST",PTI,Business News,Utpal Kumar Singh appointed Lok Sabha Secretary General,"New Delhi: Lok Sabha Speaker Om Birla on Monday appointed senior IAS officer Utpal Kumar Singh as Secretary General of the Lok Sabha, an official order said. Singh, a 1986 batch IAS officer of Uttrakhand Cadre, will assume charge on December 1. He will succeed incumbent Snehlata Shrivastava.

Singh has been appointed as Secretary General of the Lok Sabha in the rank and status of Cabinet Secretary with effect from December 1, 2020, the Lok Sabha secretariat said in a statement.

At present, he is posted as Secretary in the Lok Sabha secretariat.
#Elections With
Assembly Election News
AllWest BengalTamil NaduAssamKeralaPuducherry
West Bengal second phase polls by and large peaceful till 11 am, sporadic skirmishes reported
Local BJP leader detained in Bengal for coming within 100 metres of pooling booth
Mamata to stay for whole day, TMC complains agents not allowed in several booths
Live: Amid brisk polling. TMC& BJP allege voter intimidation

According to the statement, Singh has 34 years of ""rich and varied"" administrative experience and has served in both central and state governments in various capacities.

His tenure as Chief Secretary of Uttarakhand for more than two-and-a-half-years provided an enhanced momentum in policy formulation and management across all sectors of the state and economy, the secretariat said. ngh has also held several important positions at the Centre, as Additional Secretary, Ministry of Agriculture and Farmers Welfare, it said. JTR RHL"
12,"Last Updated: Nov 30, 2020, 02:54 PM IST",PTI,Business News,Utpal Kumar Singh appointed Lok Sabha Secretary General,"New Delhi: Lok Sabha Speaker Om Birla on Monday appointed senior IAS officer Utpal Kumar Singh as Secretary General of the Lok Sabha, an official order said. Singh, a 1986 batch IAS officer of Uttrakhand Cadre, will assume charge on December 1. He will succeed incumbent Snehlata Shrivastava.

Singh has been appointed as Secretary General of the Lok Sabha in the rank and status of Cabinet Secretary with effect from December 1, 2020, the Lok Sabha secretariat said in a statement.

At present, he is posted as Secretary in the Lok Sabha secretariat.
#Elections With
Assembly Election News
AllWest BengalTamil NaduAssamKeralaPuducherry
West Bengal second phase polls by and large peaceful till 11 am, sporadic skirmishes reported
Local BJP leader detained in Bengal for coming within 100 metres of pooling booth
Mamata to stay for whole day, TMC complains agents not allowed in several booths
Live: Amid brisk polling. TMC& BJP allege voter intimidation

According to the statement, Singh has 34 years of ""rich and varied"" administrative experience and has served in both central and state governments in various capacities.

His tenure as Chief Secretary of Uttarakhand for more than two-and-a-half-years provided an enhanced momentum in policy formulation and management across all sectors of the state and economy, the secretariat said. ngh has also held several important positions at the Centre, as Additional Secretary, Ministry of Agriculture and Farmers Welfare, it said. JTR RHL"
13,"Last Updated: Nov 30, 2020, 02:54 PM IST",PTI,Business News,Utpal Kumar Singh appointed Lok Sabha Secretary General,"New Delhi: Lok Sabha Speaker Om Birla on Monday appointed senior IAS officer Utpal Kumar Singh as Secretary General of the Lok Sabha, an official order said. Singh, a 1986 batch IAS officer of Uttrakhand Cadre, will assume charge on December 1. He will succeed incumbent Snehlata Shrivastava.

Singh has been appointed as Secretary General of the Lok Sabha in the rank and status of Cabinet Secretary with effect from December 1, 2020, the Lok Sabha secretariat said in a statement.

At present, he is posted as Secretary in the Lok Sabha secretariat.
#Elections With
Assembly Election News
AllWest BengalTamil NaduAssamKeralaPuducherry
West Bengal second phase polls by and large peaceful till 11 am, sporadic skirmishes reported
Local BJP leader detained in Bengal for coming within 100 metres of pooling booth
Mamata to stay for whole day, TMC complains agents not allowed in several booths
Live: Amid brisk polling. TMC& BJP allege voter intimidation

According to the statement, Singh has 34 years of ""rich and varied"" administrative experience and has served in both central and state governments in various capacities.

His tenure as Chief Secretary of Uttarakhand for more than two-and-a-half-years provided an enhanced momentum in policy formulation and management across all sectors of the state and economy, the secretariat said. ngh has also held several important positions at the Centre, as Additional Secretary, Ministry of Agriculture and Farmers Welfare, it said. JTR RHL"
14,"Last Updated: Nov 30, 2020, 02:54 PM IST",PTI,Business News,Utpal Kumar Singh appointed Lok Sabha Secretary General,"New Delhi: Lok Sabha Speaker Om Birla on Monday appointed senior IAS officer Utpal Kumar Singh as Secretary General of the Lok Sabha, an official order said. Singh, a 1986 batch IAS officer of Uttrakhand Cadre, will assume charge on December 1. He will succeed incumbent Snehlata Shrivastava.

Singh has been appointed as Secretary General of the Lok Sabha in the rank and status of Cabinet Secretary with effect from December 1, 2020, the Lok Sabha secretariat said in a statement.

At present, he is posted as Secretary in the Lok Sabha secretariat.
#Elections With
Assembly Election News
AllWest BengalTamil NaduAssamKeralaPuducherry
West Bengal second phase polls by and large peaceful till 11 am, sporadic skirmishes reported
Local BJP leader detained in Bengal for coming within 100 metres of pooling booth
Mamata to stay for whole day, TMC complains agents not allowed in several booths
Live: Amid brisk polling. TMC& BJP allege voter intimidation

According to the statement, Singh has 34 years of ""rich and varied"" administrative experience and has served in both central and state governments in various capacities.

His tenure as Chief Secretary of Uttarakhand for more than two-and-a-half-years provided an enhanced momentum in policy formulation and management across all sectors of the state and economy, the secretariat said. ngh has also held several important positions at the Centre, as Additional Secretary, Ministry of Agriculture and Farmers Welfare, it said. JTR RHL"
15,"Last Updated: Nov 30, 2020, 02:54 PM IST",PTI,Business News,Utpal Kumar Singh appointed Lok Sabha Secretary General,"New Delhi: Lok Sabha Speaker Om Birla on Monday appointed senior IAS officer Utpal Kumar Singh as Secretary General of the Lok Sabha, an official order said. Singh, a 1986 batch IAS officer of Uttrakhand Cadre, will assume charge on December 1. He will succeed incumbent Snehlata Shrivastava.

Singh has been appointed as Secretary General of the Lok Sabha in the rank and status of Cabinet Secretary with effect from December 1, 2020, the Lok Sabha secretariat said in a statement.

At present, he is posted as Secretary in the Lok Sabha secretariat.
#Elections With
Assembly Election News
AllWest BengalTamil NaduAssamKeralaPuducherry
West Bengal second phase polls by and large peaceful till 11 am, sporadic skirmishes reported
Local BJP leader detained in Bengal for coming within 100 metres of pooling booth
Mamata to stay for whole day, TMC complains agents not allowed in several booths
Live: Amid brisk polling. TMC& BJP allege voter intimidation

According to the statement, Singh has 34 years of ""rich and varied"" administrative experience and has served in both central and state governments in various capacities.

His tenure as Chief Secretary of Uttarakhand for more than two-and-a-half-years provided an enhanced momentum in policy formulation and management across all sectors of the state and economy, the secretariat said. ngh has also held several important positions at the Centre, as Additional Secretary, Ministry of Agriculture and Farmers Welfare, it said. JTR RHL"
16,"Last Updated: Nov 30, 2020, 02:54 PM IST",PTI,Business News,Utpal Kumar Singh appointed Lok Sabha Secretary General,"New Delhi: Lok Sabha Speaker Om Birla on Monday appointed senior IAS officer Utpal Kumar Singh as Secretary General of the Lok Sabha, an official order said. Singh, a 1986 batch IAS officer of Uttrakhand Cadre, will assume charge on December 1. He will succeed incumbent Snehlata Shrivastava.

Singh has been appointed as Secretary General of the Lok Sabha in the rank and status of Cabinet Secretary with effect from December 1, 2020, the Lok Sabha secretariat said in a statement.

At present, he is posted as Secretary in the Lok Sabha secretariat.
#Elections With
Assembly Election News
AllWest BengalTamil NaduAssamKeralaPuducherry
West Bengal second phase polls by and large peaceful till 11 am, sporadic skirmishes reported
Local BJP leader detained in Bengal for coming within 100 metres of pooling booth
Mamata to stay for whole day, TMC complains agents not allowed in several booths
Live: Amid brisk polling. TMC& BJP allege voter intimidation

According to the statement, Singh has 34 years of ""rich and varied"" administrative experience and has served in both central and state governments in various capacities.

His tenure as Chief Secretary of Uttarakhand for more than two-and-a-half-years provided an enhanced momentum in policy formulation and management across all sectors of the state and economy, the secretariat said. ngh has also held several important positions at the Centre, as Additional Secretary, Ministry of Agriculture and Farmers Welfare, it said. JTR RHL"
17,"Last Updated: Nov 30, 2020, 02:54 PM IST",PTI,Business News,Utpal Kumar Singh appointed Lok Sabha Secretary General,"New Delhi: Lok Sabha Speaker Om Birla on Monday appointed senior IAS officer Utpal Kumar Singh as Secretary General of the Lok Sabha, an official order said. Singh, a 1986 batch IAS officer of Uttrakhand Cadre, will assume charge on December 1. He will succeed incumbent Snehlata Shrivastava.

Singh has been appointed as Secretary General of the Lok Sabha in the rank and status of Cabinet Secretary with effect from December 1, 2020, the Lok Sabha secretariat said in a statement.

At present, he is posted as Secretary in the Lok Sabha secretariat.
#Elections With
Assembly Election News
AllWest BengalTamil NaduAssamKeralaPuducherry
West Bengal second phase polls by and large peaceful till 11 am, sporadic skirmishes reported
Local BJP leader detained in Bengal for coming within 100 metres of pooling booth
Mamata to stay for whole day, TMC complains agents not allowed in several booths
Live: Amid brisk polling. TMC& BJP allege voter intimidation

According to the statement, Singh has 34 years of ""rich and varied"" administrative experience and has served in both central and state governments in various capacities.

His tenure as Chief Secretary of Uttarakhand for more than two-and-a-half-years provided an enhanced momentum in policy formulation and management across all sectors of the state and economy, the secretariat said. ngh has also held several important positions at the Centre, as Additional Secretary, Ministry of Agriculture and Farmers Welfare, it said. JTR RHL"
18,"Last Updated: Nov 30, 2020, 02:54 PM IST",PTI,Business News,Utpal Kumar Singh appointed Lok Sabha Secretary General,"New Delhi: Lok Sabha Speaker Om Birla on Monday appointed senior IAS officer Utpal Kumar Singh as Secretary General of the Lok Sabha, an official order said. Singh, a 1986 batch IAS officer of Uttrakhand Cadre, will assume charge on December 1. He will succeed incumbent Snehlata Shrivastava.

Singh has been appointed as Secretary General of the Lok Sabha in the rank and status of Cabinet Secretary with effect from December 1, 2020, the Lok Sabha secretariat said in a statement.

At present, he is posted as Secretary in the Lok Sabha secretariat.
#Elections With
Assembly Election News
AllWest BengalTamil NaduAssamKeralaPuducherry
West Bengal second phase polls by and large peaceful till 11 am, sporadic skirmishes reported
Local BJP leader detained in Bengal for coming within 100 metres of pooling booth
Mamata to stay for whole day, TMC complains agents not allowed in several booths
Live: Amid brisk polling. TMC& BJP allege voter intimidation

According to the statement, Singh has 34 years of ""rich and varied"" administrative experience and has served in both central and state governments in various capacities.

His tenure as Chief Secretary of Uttarakhand for more than two-and-a-half-years provided an enhanced momentum in policy formulation and management across all sectors of the state and economy, the secretariat said. ngh has also held several important positions at the Centre, as Additional Secretary, Ministry of Agriculture and Farmers Welfare, it said. JTR RHL"
19,"Last Updated: Nov 30, 2020, 02:54 PM IST",PTI,Business News,Utpal Kumar Singh appointed Lok Sabha Secretary General,"New Delhi: Lok Sabha Speaker Om Birla on Monday appointed senior IAS officer Utpal Kumar Singh as Secretary General of the Lok Sabha, an official order said. Singh, a 1986 batch IAS officer of Uttrakhand Cadre, will assume charge on December 1. He will succeed incumbent Snehlata Shrivastava.

Singh has been appointed as Secretary General of the Lok Sabha in the rank and status of Cabinet Secretary with effect from December 1, 2020, the Lok Sabha secretariat said in a statement.

At present, he is posted as Secretary in the Lok Sabha secretariat.
#Elections With
Assembly Election News
AllWest BengalTamil NaduAssamKeralaPuducherry
West Bengal second phase polls by and large peaceful till 11 am, sporadic skirmishes reported
Local BJP leader detained in Bengal for coming within 100 metres of pooling booth
Mamata to stay for whole day, TMC complains agents not allowed in several booths
Live: Amid brisk polling. TMC& BJP allege voter intimidation

According to the statement, Singh has 34 years of ""rich and varied"" administrative experience and has served in both central and state governments in various capacities.

His tenure as Chief Secretary of Uttarakhand for more than two-and-a-half-years provided an enhanced momentum in policy formulation and management across all sectors of the state and economy, the secretariat said. ngh has also held several important positions at the Centre, as Additional Secretary, Ministry of Agriculture and Farmers Welfare, it said. JTR RHL"
20,"Last Updated: Nov 30, 2020, 02:54 PM IST",PTI,Business News,Utpal Kumar Singh appointed Lok Sabha Secretary General,"New Delhi: Lok Sabha Speaker Om Birla on Monday appointed senior IAS officer Utpal Kumar Singh as Secretary General of the Lok Sabha, an official order said. Singh, a 1986 batch IAS officer of Uttrakhand Cadre, will assume charge on December 1. He will succeed incumbent Snehlata Shrivastava.

Singh has been appointed as Secretary General of the Lok Sabha in the rank and status of Cabinet Secretary with effect from December 1, 2020, the Lok Sabha secretariat said in a statement.

At present, he is posted as Secretary in the Lok Sabha secretariat.
#Elections With
Assembly Election News
AllWest BengalTamil NaduAssamKeralaPuducherry
West Bengal second phase polls by and large peaceful till 11 am, sporadic skirmishes reported
Local BJP leader detained in Bengal for coming within 100 metres of pooling booth
Mamata to stay for whole day, TMC complains agents not allowed in several booths
Live: Amid brisk polling. TMC& BJP allege voter intimidation

According to the statement, Singh has 34 years of ""rich and varied"" administrative experience and has served in both central and state governments in various capacities.

His tenure as Chief Secretary of Uttarakhand for more than two-and-a-half-years provided an enhanced momentum in policy formulation and management across all sectors of the state and economy, the secretariat said. ngh has also held several important positions at the Centre, as Additional Secretary, Ministry of Agriculture and Farmers Welfare, it said. JTR RHL"
21,"Last Updated: Nov 30, 2020, 02:54 PM IST",PTI,Business News,Utpal Kumar Singh appointed Lok Sabha Secretary General,"New Delhi: Lok Sabha Speaker Om Birla on Monday appointed senior IAS officer Utpal Kumar Singh as Secretary General of the Lok Sabha, an official order said. Singh, a 1986 batch IAS officer of Uttrakhand Cadre, will assume charge on December 1. He will succeed incumbent Snehlata Shrivastava.

Singh has been appointed as Secretary General of the Lok Sabha in the rank and status of Cabinet Secretary with effect from December 1, 2020, the Lok Sabha secretariat said in a statement.

At present, he is posted as Secretary in the Lok Sabha secretariat.
#Elections With
Assembly Election News
AllWest BengalTamil NaduAssamKeralaPuducherry
West Bengal second phase polls by and large peaceful till 11 am, sporadic skirmishes reported
Local BJP leader detained in Bengal for coming within 100 metres of pooling booth
Mamata to stay for whole day, TMC complains agents not allowed in several booths
Live: Amid brisk polling. TMC& BJP allege voter intimidation

According to the statement, Singh has 34 years of ""rich and varied"" administrative experience and has served in both central and state governments in various capacities.

His tenure as Chief Secretary of Uttarakhand for more than two-and-a-half-years provided an enhanced momentum in policy formulation and management across all sectors of the state and economy, the secretariat said. ngh has also held several important positions at the Centre, as Additional Secretary, Ministry of Agriculture and Farmers Welfare, it said. JTR RHL"
22,"Last Updated: Nov 30, 2020, 02:54 PM IST",PTI,Business News,Utpal Kumar Singh appointed Lok Sabha Secretary General,"New Delhi: Lok Sabha Speaker Om Birla on Monday appointed senior IAS officer Utpal Kumar Singh as Secretary General of the Lok Sabha, an official order said. Singh, a 1986 batch IAS officer of Uttrakhand Cadre, will assume charge on December 1. He will succeed incumbent Snehlata Shrivastava.

Singh has been appointed as Secretary General of the Lok Sabha in the rank and status of Cabinet Secretary with effect from December 1, 2020, the Lok Sabha secretariat said in a statement.

At present, he is posted as Secretary in the Lok Sabha secretariat.
#Elections With
Assembly Election News
AllWest BengalTamil NaduAssamKeralaPuducherry
West Bengal second phase polls by and large peaceful till 11 am, sporadic skirmishes reported
Local BJP leader detained in Bengal for coming within 100 metres of pooling booth
Mamata to stay for whole day, TMC complains agents not allowed in several booths
Live: Amid brisk polling. TMC& BJP allege voter intimidation

According to the statement, Singh has 34 years of ""rich and varied"" administrative experience and has served in both central and state governments in various capacities.

His tenure as Chief Secretary of Uttarakhand for more than two-and-a-half-years provided an enhanced momentum in policy formulation and management across all sectors of the state and economy, the secretariat said. ngh has also held several important positions at the Centre, as Additional Secretary, Ministry of Agriculture and Farmers Welfare, it said. JTR RHL"
23,"Last Updated: Nov 30, 2020, 02:54 PM IST",PTI,Business News,Utpal Kumar Singh appointed Lok Sabha Secretary General,"New Delhi: Lok Sabha Speaker Om Birla on Monday appointed senior IAS officer Utpal Kumar Singh as Secretary General of the Lok Sabha, an official order said. Singh, a 1986 batch IAS officer of Uttrakhand Cadre, will assume charge on December 1. He will succeed incumbent Snehlata Shrivastava.

Singh has been appointed as Secretary General of the Lok Sabha in the rank and status of Cabinet Secretary with effect from December 1, 2020, the Lok Sabha secretariat said in a statement.

At present, he is posted as Secretary in the Lok Sabha secretariat.
#Elections With
Assembly Election News
AllWest BengalTamil NaduAssamKeralaPuducherry
West Bengal second phase polls by and large peaceful till 11 am, sporadic skirmishes reported
Local BJP leader detained in Bengal for coming within 100 metres of pooling booth
Mamata to stay for whole day, TMC complains agents not allowed in several booths
Live: Amid brisk polling. TMC& BJP allege voter intimidation

According to the statement, Singh has 34 years of ""rich and varied"" administrative experience and has served in both central and state governments in various capacities.

His tenure as Chief Secretary of Uttarakhand for more than two-and-a-half-years provided an enhanced momentum in policy formulation and management across all sectors of the state and economy, the secretariat said. ngh has also held several important positions at the Centre, as Additional Secretary, Ministry of Agriculture and Farmers Welfare, it said. JTR RHL"
24,"Last Updated: Nov 30, 2020, 02:54 PM IST",PTI,Business News,Utpal Kumar Singh appointed Lok Sabha Secretary General,"New Delhi: Lok Sabha Speaker Om Birla on Monday appointed senior IAS officer Utpal Kumar Singh as Secretary General of the Lok Sabha, an official order said. Singh, a 1986 batch IAS officer of Uttrakhand Cadre, will assume charge on December 1. He will succeed incumbent Snehlata Shrivastava.

Singh has been appointed as Secretary General of the Lok Sabha in the rank and status of Cabinet Secretary with effect from December 1, 2020, the Lok Sabha secretariat said in a statement.

At present, he is posted as Secretary in the Lok Sabha secretariat.
#Elections With
Assembly Election News
AllWest BengalTamil NaduAssamKeralaPuducherry
West Bengal second phase polls by and large peaceful till 11 am, sporadic skirmishes reported
Local BJP leader detained in Bengal for coming within 100 metres of pooling booth
Mamata to stay for whole day, TMC complains agents not allowed in several booths
Live: Amid brisk polling. TMC& BJP allege voter intimidation

According to the statement, Singh has 34 years of ""rich and varied"" administrative experience and has served in both central and state governments in various capacities.

His tenure as Chief Secretary of Uttarakhand for more than two-and-a-half-years provided an enhanced momentum in policy formulation and management across all sectors of the state and economy, the secretariat said. ngh has also held several important positions at the Centre, as Additional Secretary, Ministry of Agriculture and Farmers Welfare, it said. JTR RHL"
25,"Last Updated: Nov 30, 2020, 02:54 PM IST",PTI,Business News,Utpal Kumar Singh appointed Lok Sabha Secretary General,"New Delhi: Lok Sabha Speaker Om Birla on Monday appointed senior IAS officer Utpal Kumar Singh as Secretary General of the Lok Sabha, an official order said. Singh, a 1986 batch IAS officer of Uttrakhand Cadre, will assume charge on December 1. He will succeed incumbent Snehlata Shrivastava.

Singh has been appointed as Secretary General of the Lok Sabha in the rank and status of Cabinet Secretary with effect from December 1, 2020, the Lok Sabha secretariat said in a statement.

At present, he is posted as Secretary in the Lok Sabha secretariat.
#Elections With
Assembly Election News
AllWest BengalTamil NaduAssamKeralaPuducherry
West Bengal second phase polls by and large peaceful till 11 am, sporadic skirmishes reported
Local BJP leader detained in Bengal for coming within 100 metres of pooling booth
Mamata to stay for whole day, TMC complains agents not allowed in several booths
Live: Amid brisk polling. TMC& BJP allege voter intimidation

According to the statement, Singh has 34 years of ""rich and varied"" administrative experience and has served in both central and state governments in various capacities.

His tenure as Chief Secretary of Uttarakhand for more than two-and-a-half-years provided an enhanced momentum in policy formulation and management across all sectors of the state and economy, the secretariat said. ngh has also held several important positions at the Centre, as Additional Secretary, Ministry of Agriculture and Farmers Welfare, it said. JTR RHL"
26,"Last Updated: Nov 30, 2020, 02:54 PM IST",PTI,Business News,Utpal Kumar Singh appointed Lok Sabha Secretary General,"New Delhi: Lok Sabha Speaker Om Birla on Monday appointed senior IAS officer Utpal Kumar Singh as Secretary General of the Lok Sabha, an official order said. Singh, a 1986 batch IAS officer of Uttrakhand Cadre, will assume charge on December 1. He will succeed incumbent Snehlata Shrivastava.

Singh has been appointed as Secretary General of the Lok Sabha in the rank and status of Cabinet Secretary with effect from December 1, 2020, the Lok Sabha secretariat said in a statement.

At present, he is posted as Secretary in the Lok Sabha secretariat.
#Elections With
Assembly Election News
AllWest BengalTamil NaduAssamKeralaPuducherry
West Bengal second phase polls by and large peaceful till 11 am, sporadic skirmishes reported
Local BJP leader detained in Bengal for coming within 100 metres of pooling booth
Mamata to stay for whole day, TMC complains agents not allowed in several booths
Live: Amid brisk polling. TMC& BJP allege voter intimidation

According to the statement, Singh has 34 years of ""rich and varied"" administrative experience and has served in both central and state governments in various capacities.

His tenure as Chief Secretary of Uttarakhand for more than two-and-a-half-years provided an enhanced momentum in policy formulation and management across all sectors of the state and economy, the secretariat said. ngh has also held several important positions at the Centre, as Additional Secretary, Ministry of Agriculture and Farmers Welfare, it said. JTR RHL"
27,"Last Updated: Nov 30, 2020, 02:54 PM IST",PTI,Business News,Utpal Kumar Singh appointed Lok Sabha Secretary General,"New Delhi: Lok Sabha Speaker Om Birla on Monday appointed senior IAS officer Utpal Kumar Singh as Secretary General of the Lok Sabha, an official order said. Singh, a 1986 batch IAS officer of Uttrakhand Cadre, will assume charge on December 1. He will succeed incumbent Snehlata Shrivastava.

Singh has been appointed as Secretary General of the Lok Sabha in the rank and status of Cabinet Secretary with effect from December 1, 2020, the Lok Sabha secretariat said in a statement.

At present, he is posted as Secretary in the Lok Sabha secretariat.
#Elections With
Assembly Election News
AllWest BengalTamil NaduAssamKeralaPuducherry
West Bengal second phase polls by and large peaceful till 11 am, sporadic skirmishes reported
Local BJP leader detained in Bengal for coming within 100 metres of pooling booth
Mamata to stay for whole day, TMC complains agents not allowed in several booths
Live: Amid brisk polling. TMC& BJP allege voter intimidation

According to the statement, Singh has 34 years of ""rich and varied"" administrative experience and has served in both central and state governments in various capacities.

His tenure as Chief Secretary of Uttarakhand for more than two-and-a-half-years provided an enhanced momentum in policy formulation and management across all sectors of the state and economy, the secretariat said. ngh has also held several important positions at the Centre, as Additional Secretary, Ministry of Agriculture and Farmers Welfare, it said. JTR RHL"
28,"Last Updated: Nov 30, 2020, 02:54 PM IST",PTI,Business News,Utpal Kumar Singh appointed Lok Sabha Secretary General,"New Delhi: Lok Sabha Speaker Om Birla on Monday appointed senior IAS officer Utpal Kumar Singh as Secretary General of the Lok Sabha, an official order said. Singh, a 1986 batch IAS officer of Uttrakhand Cadre, will assume charge on December 1. He will succeed incumbent Snehlata Shrivastava.

Singh has been appointed as Secretary General of the Lok Sabha in the rank and status of Cabinet Secretary with effect from December 1, 2020, the Lok Sabha secretariat said in a statement.

At present, he is posted as Secretary in the Lok Sabha secretariat.
#Elections With
Assembly Election News
AllWest BengalTamil NaduAssamKeralaPuducherry
West Bengal second phase polls by and large peaceful till 11 am, sporadic skirmishes reported
Local BJP leader detained in Bengal for coming within 100 metres of pooling booth
Mamata to stay for whole day, TMC complains agents not allowed in several booths
Live: Amid brisk polling. TMC& BJP allege voter intimidation

According to the statement, Singh has 34 years of ""rich and varied"" administrative experience and has served in both central and state governments in various capacities.

His tenure as Chief Secretary of Uttarakhand for more than two-and-a-half-years provided an enhanced momentum in policy formulation and management across all sectors of the state and economy, the secretariat said. ngh has also held several important positions at the Centre, as Additional Secretary, Ministry of Agriculture and Farmers Welfare, it said. JTR RHL"
29,"Last Updated: Nov 30, 2020, 02:54 PM IST",PTI,Business News,Utpal Kumar Singh appointed Lok Sabha Secretary General,"New Delhi: Lok Sabha Speaker Om Birla on Monday appointed senior IAS officer Utpal Kumar Singh as Secretary General of the Lok Sabha, an official order said. Singh, a 1986 batch IAS officer of Uttrakhand Cadre, will assume charge on December 1. He will succeed incumbent Snehlata Shrivastava.

Singh has been appointed as Secretary General of the Lok Sabha in the rank and status of Cabinet Secretary with effect from December 1, 2020, the Lok Sabha secretariat said in a statement.

At present, he is posted as Secretary in the Lok Sabha secretariat.
#Elections With
Assembly Election News
AllWest BengalTamil NaduAssamKeralaPuducherry
West Bengal second phase polls by and large peaceful till 11 am, sporadic skirmishes reported
Local BJP leader detained in Bengal for coming within 100 metres of pooling booth
Mamata to stay for whole day, TMC complains agents not allowed in several booths
Live: Amid brisk polling. TMC& BJP allege voter intimidation

According to the statement, Singh has 34 years of ""rich and varied"" administrative experience and has served in both central and state governments in various capacities.

His tenure as Chief Secretary of Uttarakhand for more than two-and-a-half-years provided an enhanced momentum in policy formulation and management across all sectors of the state and economy, the secretariat said. ngh has also held several important positions at the Centre, as Additional Secretary, Ministry of Agriculture and Farmers Welfare, it said. JTR RHL"
