{"date":{"0":"Last Updated: Nov 30, 2020, 02:54 PM IST","1":"Last Updated: Nov 30, 2020, 02:54 PM IST","2":"Last Updated: Nov 30, 2020, 02:54 PM IST","3":"Last Updated: Nov 30, 2020, 02:54 PM IST","4":"Last Updated: Nov 30, 2020, 02:54 PM IST","5":"Last Updated: Nov 30, 2020, 02:54 PM IST","6":"Last Updated: Nov 30, 2020, 02:54 PM IST","7":"Last Updated: Nov 30, 2020, 02:54 PM IST","8":"Last Updated: Nov 30, 2020, 02:54 PM IST","9":"Last Updated: Nov 30, 2020, 02:54 PM IST","10":"Last Updated: Nov 30, 2020, 02:54 PM IST","11":"Last Updated: Nov 30, 2020, 02:54 PM IST","12":"Last Updated: Nov 30, 2020, 02:54 PM IST","13":"Last Updated: Nov 30, 2020, 02:54 PM IST","14":"Last Updated: Nov 30, 2020, 02:54 PM IST","15":"Last Updated: Nov 30, 2020, 02:54 PM IST","16":"Last Updated: Nov 30, 2020, 02:54 PM IST","17":"Last Updated: Nov 30, 2020, 02:54 PM IST","18":"Last Updated: Nov 30, 2020, 02:54 PM IST","19":"Last Updated: Nov 30, 2020, 02:54 PM IST","20":"Last Updated: Nov 30, 2020, 02:54 PM IST","21":"Last Updated: Nov 30, 2020, 02:54 PM IST","22":"Last Updated: Nov 30, 2020, 02:54 PM IST","23":"Last Updated: Nov 30, 2020, 02:54 PM IST","24":"Last Updated: Nov 30, 2020, 02:54 PM IST","25":"Last Updated: Nov 30, 2020, 02:54 PM IST","26":"Last Updated: Nov 30, 2020, 02:54 PM IST","27":"Last Updated: Nov 30, 2020, 02:54 PM IST","28":"Last Updated: Nov 30, 2020, 02:54 PM IST","29":"Last Updated: Nov 30, 2020, 02:54 PM IST"},"author":{"0":"PTI","1":"PTI","2":"PTI","3":"PTI","4":"PTI","5":"PTI","6":"PTI","7":"PTI","8":"PTI","9":"PTI","10":"PTI","11":"PTI","12":"PTI","13":"PTI","14":"PTI","15":"PTI","16":"PTI","17":"PTI","18":"PTI","19":"PTI","20":"PTI","21":"PTI","22":"PTI","23":"PTI","24":"PTI","25":"PTI","26":"PTI","27":"PTI","28":"PTI","29":"PTI"},"vertical":{"0":"Business News","1":"Business News","2":"Business News","3":"Business News","4":"Business News","5":"Business News","6":"Business News","7":"Business News","8":"Business News","9":"Business News","10":"Business News","11":"Business News","12":"Business News","13":"Business News","14":"Business News","15":"Business News","16":"Business News","17":"Business News","18":"Business News","19":"Business News","20":"Business News","21":"Business News","22":"Business News","23":"Business News","24":"Business News","25":"Business News","26":"Business News","27":"Business News","28":"Business News","29":"Business News"},"headline":{"0":"Utpal Kumar Singh appointed Lok Sabha Secretary General","1":"Utpal Kumar Singh appointed Lok Sabha Secretary General","2":"Utpal Kumar Singh appointed Lok Sabha Secretary General","3":"Utpal Kumar Singh appointed Lok Sabha Secretary General","4":"Utpal Kumar Singh appointed Lok Sabha Secretary General","5":"Utpal Kumar Singh appointed Lok Sabha Secretary General","6":"Utpal Kumar Singh appointed Lok Sabha Secretary General","7":"Utpal Kumar Singh appointed Lok Sabha Secretary General","8":"Utpal Kumar Singh appointed Lok Sabha Secretary General","9":"Utpal Kumar Singh appointed Lok Sabha Secretary General","10":"Utpal Kumar Singh appointed Lok Sabha Secretary General","11":"Utpal Kumar Singh appointed Lok Sabha Secretary General","12":"Utpal Kumar Singh appointed Lok Sabha Secretary General","13":"Utpal Kumar Singh appointed Lok Sabha Secretary General","14":"Utpal Kumar Singh appointed Lok Sabha Secretary General","15":"Utpal Kumar Singh appointed Lok Sabha Secretary General","16":"Utpal Kumar Singh appointed Lok Sabha Secretary General","17":"Utpal Kumar Singh appointed Lok Sabha Secretary General","18":"Utpal Kumar Singh appointed Lok Sabha Secretary General","19":"Utpal Kumar Singh appointed Lok Sabha Secretary General","20":"Utpal Kumar Singh appointed Lok Sabha Secretary General","21":"Utpal Kumar Singh appointed Lok Sabha Secretary General","22":"Utpal Kumar Singh appointed Lok Sabha Secretary General","23":"Utpal Kumar Singh appointed Lok Sabha Secretary General","24":"Utpal Kumar Singh appointed Lok Sabha Secretary General","25":"Utpal Kumar Singh appointed Lok Sabha Secretary General","26":"Utpal Kumar Singh appointed Lok Sabha Secretary General","27":"Utpal Kumar Singh appointed Lok Sabha Secretary General","28":"Utpal Kumar Singh appointed Lok Sabha Secretary General","29":"Utpal Kumar Singh appointed Lok Sabha Secretary General"},"decription":{"0":"New Delhi: Lok Sabha Speaker Om Birla on Monday appointed senior IAS officer Utpal Kumar Singh as Secretary General of the Lok Sabha, an official order said. Singh, a 1986 batch IAS officer of Uttrakhand Cadre, will assume charge on December 1. He will succeed incumbent Snehlata Shrivastava.\n\nSingh has been appointed as Secretary General of the Lok Sabha in the rank and status of Cabinet Secretary with effect from December 1, 2020, the Lok Sabha secretariat said in a statement.\n\nAt present, he is posted as Secretary in the Lok Sabha secretariat.\n#Elections With\nAssembly Election News\nAllWest BengalTamil NaduAssamKeralaPuducherry\nWest Bengal second phase polls by and large peaceful till 11 am, sporadic skirmishes reported\nLocal BJP leader detained in Bengal for coming within 100 metres of pooling booth\nMamata to stay for whole day, TMC complains agents not allowed in several booths\nLive: Amid brisk polling. TMC& BJP allege voter intimidation\n\nAccording to the statement, Singh has 34 years of \"rich and varied\" administrative experience and has served in both central and state governments in various capacities.\n\nHis tenure as Chief Secretary of Uttarakhand for more than two-and-a-half-years provided an enhanced momentum in policy formulation and management across all sectors of the state and economy, the secretariat said. ngh has also held several important positions at the Centre, as Additional Secretary, Ministry of Agriculture and Farmers Welfare, it said. JTR RHL","1":"New Delhi: Lok Sabha Speaker Om Birla on Monday appointed senior IAS officer Utpal Kumar Singh as Secretary General of the Lok Sabha, an official order said. Singh, a 1986 batch IAS officer of Uttrakhand Cadre, will assume charge on December 1. He will succeed incumbent Snehlata Shrivastava.\n\nSingh has been appointed as Secretary General of the Lok Sabha in the rank and status of Cabinet Secretary with effect from December 1, 2020, the Lok Sabha secretariat said in a statement.\n\nAt present, he is posted as Secretary in the Lok Sabha secretariat.\n#Elections With\nAssembly Election News\nAllWest BengalTamil NaduAssamKeralaPuducherry\nWest Bengal second phase polls by and large peaceful till 11 am, sporadic skirmishes reported\nLocal BJP leader detained in Bengal for coming within 100 metres of pooling booth\nMamata to stay for whole day, TMC complains agents not allowed in several booths\nLive: Amid brisk polling. TMC& BJP allege voter intimidation\n\nAccording to the statement, Singh has 34 years of \"rich and varied\" administrative experience and has served in both central and state governments in various capacities.\n\nHis tenure as Chief Secretary of Uttarakhand for more than two-and-a-half-years provided an enhanced momentum in policy formulation and management across all sectors of the state and economy, the secretariat said. ngh has also held several important positions at the Centre, as Additional Secretary, Ministry of Agriculture and Farmers Welfare, it said. JTR RHL","2":"New Delhi: Lok Sabha Speaker Om Birla on Monday appointed senior IAS officer Utpal Kumar Singh as Secretary General of the Lok Sabha, an official order said. Singh, a 1986 batch IAS officer of Uttrakhand Cadre, will assume charge on December 1. He will succeed incumbent Snehlata Shrivastava.\n\nSingh has been appointed as Secretary General of the Lok Sabha in the rank and status of Cabinet Secretary with effect from December 1, 2020, the Lok Sabha secretariat said in a statement.\n\nAt present, he is posted as Secretary in the Lok Sabha secretariat.\n#Elections With\nAssembly Election News\nAllWest BengalTamil NaduAssamKeralaPuducherry\nWest Bengal second phase polls by and large peaceful till 11 am, sporadic skirmishes reported\nLocal BJP leader detained in Bengal for coming within 100 metres of pooling booth\nMamata to stay for whole day, TMC complains agents not allowed in several booths\nLive: Amid brisk polling. TMC& BJP allege voter intimidation\n\nAccording to the statement, Singh has 34 years of \"rich and varied\" administrative experience and has served in both central and state governments in various capacities.\n\nHis tenure as Chief Secretary of Uttarakhand for more than two-and-a-half-years provided an enhanced momentum in policy formulation and management across all sectors of the state and economy, the secretariat said. ngh has also held several important positions at the Centre, as Additional Secretary, Ministry of Agriculture and Farmers Welfare, it said. JTR RHL","3":"New Delhi: Lok Sabha Speaker Om Birla on Monday appointed senior IAS officer Utpal Kumar Singh as Secretary General of the Lok Sabha, an official order said. Singh, a 1986 batch IAS officer of Uttrakhand Cadre, will assume charge on December 1. He will succeed incumbent Snehlata Shrivastava.\n\nSingh has been appointed as Secretary General of the Lok Sabha in the rank and status of Cabinet Secretary with effect from December 1, 2020, the Lok Sabha secretariat said in a statement.\n\nAt present, he is posted as Secretary in the Lok Sabha secretariat.\n#Elections With\nAssembly Election News\nAllWest BengalTamil NaduAssamKeralaPuducherry\nWest Bengal second phase polls by and large peaceful till 11 am, sporadic skirmishes reported\nLocal BJP leader detained in Bengal for coming within 100 metres of pooling booth\nMamata to stay for whole day, TMC complains agents not allowed in several booths\nLive: Amid brisk polling. TMC& BJP allege voter intimidation\n\nAccording to the statement, Singh has 34 years of \"rich and varied\" administrative experience and has served in both central and state governments in various capacities.\n\nHis tenure as Chief Secretary of Uttarakhand for more than two-and-a-half-years provided an enhanced momentum in policy formulation and management across all sectors of the state and economy, the secretariat said. ngh has also held several important positions at the Centre, as Additional Secretary, Ministry of Agriculture and Farmers Welfare, it said. JTR RHL","4":"New Delhi: Lok Sabha Speaker Om Birla on Monday appointed senior IAS officer Utpal Kumar Singh as Secretary General of the Lok Sabha, an official order said. Singh, a 1986 batch IAS officer of Uttrakhand Cadre, will assume charge on December 1. He will succeed incumbent Snehlata Shrivastava.\n\nSingh has been appointed as Secretary General of the Lok Sabha in the rank and status of Cabinet Secretary with effect from December 1, 2020, the Lok Sabha secretariat said in a statement.\n\nAt present, he is posted as Secretary in the Lok Sabha secretariat.\n#Elections With\nAssembly Election News\nAllWest BengalTamil NaduAssamKeralaPuducherry\nWest Bengal second phase polls by and large peaceful till 11 am, sporadic skirmishes reported\nLocal BJP leader detained in Bengal for coming within 100 metres of pooling booth\nMamata to stay for whole day, TMC complains agents not allowed in several booths\nLive: Amid brisk polling. TMC& BJP allege voter intimidation\n\nAccording to the statement, Singh has 34 years of \"rich and varied\" administrative experience and has served in both central and state governments in various capacities.\n\nHis tenure as Chief Secretary of Uttarakhand for more than two-and-a-half-years provided an enhanced momentum in policy formulation and management across all sectors of the state and economy, the secretariat said. ngh has also held several important positions at the Centre, as Additional Secretary, Ministry of Agriculture and Farmers Welfare, it said. JTR RHL","5":"New Delhi: Lok Sabha Speaker Om Birla on Monday appointed senior IAS officer Utpal Kumar Singh as Secretary General of the Lok Sabha, an official order said. Singh, a 1986 batch IAS officer of Uttrakhand Cadre, will assume charge on December 1. He will succeed incumbent Snehlata Shrivastava.\n\nSingh has been appointed as Secretary General of the Lok Sabha in the rank and status of Cabinet Secretary with effect from December 1, 2020, the Lok Sabha secretariat said in a statement.\n\nAt present, he is posted as Secretary in the Lok Sabha secretariat.\n#Elections With\nAssembly Election News\nAllWest BengalTamil NaduAssamKeralaPuducherry\nWest Bengal second phase polls by and large peaceful till 11 am, sporadic skirmishes reported\nLocal BJP leader detained in Bengal for coming within 100 metres of pooling booth\nMamata to stay for whole day, TMC complains agents not allowed in several booths\nLive: Amid brisk polling. TMC& BJP allege voter intimidation\n\nAccording to the statement, Singh has 34 years of \"rich and varied\" administrative experience and has served in both central and state governments in various capacities.\n\nHis tenure as Chief Secretary of Uttarakhand for more than two-and-a-half-years provided an enhanced momentum in policy formulation and management across all sectors of the state and economy, the secretariat said. ngh has also held several important positions at the Centre, as Additional Secretary, Ministry of Agriculture and Farmers Welfare, it said. JTR RHL","6":"New Delhi: Lok Sabha Speaker Om Birla on Monday appointed senior IAS officer Utpal Kumar Singh as Secretary General of the Lok Sabha, an official order said. Singh, a 1986 batch IAS officer of Uttrakhand Cadre, will assume charge on December 1. He will succeed incumbent Snehlata Shrivastava.\n\nSingh has been appointed as Secretary General of the Lok Sabha in the rank and status of Cabinet Secretary with effect from December 1, 2020, the Lok Sabha secretariat said in a statement.\n\nAt present, he is posted as Secretary in the Lok Sabha secretariat.\n#Elections With\nAssembly Election News\nAllWest BengalTamil NaduAssamKeralaPuducherry\nWest Bengal second phase polls by and large peaceful till 11 am, sporadic skirmishes reported\nLocal BJP leader detained in Bengal for coming within 100 metres of pooling booth\nMamata to stay for whole day, TMC complains agents not allowed in several booths\nLive: Amid brisk polling. TMC& BJP allege voter intimidation\n\nAccording to the statement, Singh has 34 years of \"rich and varied\" administrative experience and has served in both central and state governments in various capacities.\n\nHis tenure as Chief Secretary of Uttarakhand for more than two-and-a-half-years provided an enhanced momentum in policy formulation and management across all sectors of the state and economy, the secretariat said. ngh has also held several important positions at the Centre, as Additional Secretary, Ministry of Agriculture and Farmers Welfare, it said. JTR RHL","7":"New Delhi: Lok Sabha Speaker Om Birla on Monday appointed senior IAS officer Utpal Kumar Singh as Secretary General of the Lok Sabha, an official order said. Singh, a 1986 batch IAS officer of Uttrakhand Cadre, will assume charge on December 1. He will succeed incumbent Snehlata Shrivastava.\n\nSingh has been appointed as Secretary General of the Lok Sabha in the rank and status of Cabinet Secretary with effect from December 1, 2020, the Lok Sabha secretariat said in a statement.\n\nAt present, he is posted as Secretary in the Lok Sabha secretariat.\n#Elections With\nAssembly Election News\nAllWest BengalTamil NaduAssamKeralaPuducherry\nWest Bengal second phase polls by and large peaceful till 11 am, sporadic skirmishes reported\nLocal BJP leader detained in Bengal for coming within 100 metres of pooling booth\nMamata to stay for whole day, TMC complains agents not allowed in several booths\nLive: Amid brisk polling. TMC& BJP allege voter intimidation\n\nAccording to the statement, Singh has 34 years of \"rich and varied\" administrative experience and has served in both central and state governments in various capacities.\n\nHis tenure as Chief Secretary of Uttarakhand for more than two-and-a-half-years provided an enhanced momentum in policy formulation and management across all sectors of the state and economy, the secretariat said. ngh has also held several important positions at the Centre, as Additional Secretary, Ministry of Agriculture and Farmers Welfare, it said. JTR RHL","8":"New Delhi: Lok Sabha Speaker Om Birla on Monday appointed senior IAS officer Utpal Kumar Singh as Secretary General of the Lok Sabha, an official order said. Singh, a 1986 batch IAS officer of Uttrakhand Cadre, will assume charge on December 1. He will succeed incumbent Snehlata Shrivastava.\n\nSingh has been appointed as Secretary General of the Lok Sabha in the rank and status of Cabinet Secretary with effect from December 1, 2020, the Lok Sabha secretariat said in a statement.\n\nAt present, he is posted as Secretary in the Lok Sabha secretariat.\n#Elections With\nAssembly Election News\nAllWest BengalTamil NaduAssamKeralaPuducherry\nWest Bengal second phase polls by and large peaceful till 11 am, sporadic skirmishes reported\nLocal BJP leader detained in Bengal for coming within 100 metres of pooling booth\nMamata to stay for whole day, TMC complains agents not allowed in several booths\nLive: Amid brisk polling. TMC& BJP allege voter intimidation\n\nAccording to the statement, Singh has 34 years of \"rich and varied\" administrative experience and has served in both central and state governments in various capacities.\n\nHis tenure as Chief Secretary of Uttarakhand for more than two-and-a-half-years provided an enhanced momentum in policy formulation and management across all sectors of the state and economy, the secretariat said. ngh has also held several important positions at the Centre, as Additional Secretary, Ministry of Agriculture and Farmers Welfare, it said. JTR RHL","9":"New Delhi: Lok Sabha Speaker Om Birla on Monday appointed senior IAS officer Utpal Kumar Singh as Secretary General of the Lok Sabha, an official order said. Singh, a 1986 batch IAS officer of Uttrakhand Cadre, will assume charge on December 1. He will succeed incumbent Snehlata Shrivastava.\n\nSingh has been appointed as Secretary General of the Lok Sabha in the rank and status of Cabinet Secretary with effect from December 1, 2020, the Lok Sabha secretariat said in a statement.\n\nAt present, he is posted as Secretary in the Lok Sabha secretariat.\n#Elections With\nAssembly Election News\nAllWest BengalTamil NaduAssamKeralaPuducherry\nWest Bengal second phase polls by and large peaceful till 11 am, sporadic skirmishes reported\nLocal BJP leader detained in Bengal for coming within 100 metres of pooling booth\nMamata to stay for whole day, TMC complains agents not allowed in several booths\nLive: Amid brisk polling. TMC& BJP allege voter intimidation\n\nAccording to the statement, Singh has 34 years of \"rich and varied\" administrative experience and has served in both central and state governments in various capacities.\n\nHis tenure as Chief Secretary of Uttarakhand for more than two-and-a-half-years provided an enhanced momentum in policy formulation and management across all sectors of the state and economy, the secretariat said. ngh has also held several important positions at the Centre, as Additional Secretary, Ministry of Agriculture and Farmers Welfare, it said. JTR RHL","10":"New Delhi: Lok Sabha Speaker Om Birla on Monday appointed senior IAS officer Utpal Kumar Singh as Secretary General of the Lok Sabha, an official order said. Singh, a 1986 batch IAS officer of Uttrakhand Cadre, will assume charge on December 1. He will succeed incumbent Snehlata Shrivastava.\n\nSingh has been appointed as Secretary General of the Lok Sabha in the rank and status of Cabinet Secretary with effect from December 1, 2020, the Lok Sabha secretariat said in a statement.\n\nAt present, he is posted as Secretary in the Lok Sabha secretariat.\n#Elections With\nAssembly Election News\nAllWest BengalTamil NaduAssamKeralaPuducherry\nWest Bengal second phase polls by and large peaceful till 11 am, sporadic skirmishes reported\nLocal BJP leader detained in Bengal for coming within 100 metres of pooling booth\nMamata to stay for whole day, TMC complains agents not allowed in several booths\nLive: Amid brisk polling. TMC& BJP allege voter intimidation\n\nAccording to the statement, Singh has 34 years of \"rich and varied\" administrative experience and has served in both central and state governments in various capacities.\n\nHis tenure as Chief Secretary of Uttarakhand for more than two-and-a-half-years provided an enhanced momentum in policy formulation and management across all sectors of the state and economy, the secretariat said. ngh has also held several important positions at the Centre, as Additional Secretary, Ministry of Agriculture and Farmers Welfare, it said. JTR RHL","11":"New Delhi: Lok Sabha Speaker Om Birla on Monday appointed senior IAS officer Utpal Kumar Singh as Secretary General of the Lok Sabha, an official order said. Singh, a 1986 batch IAS officer of Uttrakhand Cadre, will assume charge on December 1. He will succeed incumbent Snehlata Shrivastava.\n\nSingh has been appointed as Secretary General of the Lok Sabha in the rank and status of Cabinet Secretary with effect from December 1, 2020, the Lok Sabha secretariat said in a statement.\n\nAt present, he is posted as Secretary in the Lok Sabha secretariat.\n#Elections With\nAssembly Election News\nAllWest BengalTamil NaduAssamKeralaPuducherry\nWest Bengal second phase polls by and large peaceful till 11 am, sporadic skirmishes reported\nLocal BJP leader detained in Bengal for coming within 100 metres of pooling booth\nMamata to stay for whole day, TMC complains agents not allowed in several booths\nLive: Amid brisk polling. TMC& BJP allege voter intimidation\n\nAccording to the statement, Singh has 34 years of \"rich and varied\" administrative experience and has served in both central and state governments in various capacities.\n\nHis tenure as Chief Secretary of Uttarakhand for more than two-and-a-half-years provided an enhanced momentum in policy formulation and management across all sectors of the state and economy, the secretariat said. ngh has also held several important positions at the Centre, as Additional Secretary, Ministry of Agriculture and Farmers Welfare, it said. JTR RHL","12":"New Delhi: Lok Sabha Speaker Om Birla on Monday appointed senior IAS officer Utpal Kumar Singh as Secretary General of the Lok Sabha, an official order said. Singh, a 1986 batch IAS officer of Uttrakhand Cadre, will assume charge on December 1. He will succeed incumbent Snehlata Shrivastava.\n\nSingh has been appointed as Secretary General of the Lok Sabha in the rank and status of Cabinet Secretary with effect from December 1, 2020, the Lok Sabha secretariat said in a statement.\n\nAt present, he is posted as Secretary in the Lok Sabha secretariat.\n#Elections With\nAssembly Election News\nAllWest BengalTamil NaduAssamKeralaPuducherry\nWest Bengal second phase polls by and large peaceful till 11 am, sporadic skirmishes reported\nLocal BJP leader detained in Bengal for coming within 100 metres of pooling booth\nMamata to stay for whole day, TMC complains agents not allowed in several booths\nLive: Amid brisk polling. TMC& BJP allege voter intimidation\n\nAccording to the statement, Singh has 34 years of \"rich and varied\" administrative experience and has served in both central and state governments in various capacities.\n\nHis tenure as Chief Secretary of Uttarakhand for more than two-and-a-half-years provided an enhanced momentum in policy formulation and management across all sectors of the state and economy, the secretariat said. ngh has also held several important positions at the Centre, as Additional Secretary, Ministry of Agriculture and Farmers Welfare, it said. JTR RHL","13":"New Delhi: Lok Sabha Speaker Om Birla on Monday appointed senior IAS officer Utpal Kumar Singh as Secretary General of the Lok Sabha, an official order said. Singh, a 1986 batch IAS officer of Uttrakhand Cadre, will assume charge on December 1. He will succeed incumbent Snehlata Shrivastava.\n\nSingh has been appointed as Secretary General of the Lok Sabha in the rank and status of Cabinet Secretary with effect from December 1, 2020, the Lok Sabha secretariat said in a statement.\n\nAt present, he is posted as Secretary in the Lok Sabha secretariat.\n#Elections With\nAssembly Election News\nAllWest BengalTamil NaduAssamKeralaPuducherry\nWest Bengal second phase polls by and large peaceful till 11 am, sporadic skirmishes reported\nLocal BJP leader detained in Bengal for coming within 100 metres of pooling booth\nMamata to stay for whole day, TMC complains agents not allowed in several booths\nLive: Amid brisk polling. TMC& BJP allege voter intimidation\n\nAccording to the statement, Singh has 34 years of \"rich and varied\" administrative experience and has served in both central and state governments in various capacities.\n\nHis tenure as Chief Secretary of Uttarakhand for more than two-and-a-half-years provided an enhanced momentum in policy formulation and management across all sectors of the state and economy, the secretariat said. ngh has also held several important positions at the Centre, as Additional Secretary, Ministry of Agriculture and Farmers Welfare, it said. JTR RHL","14":"New Delhi: Lok Sabha Speaker Om Birla on Monday appointed senior IAS officer Utpal Kumar Singh as Secretary General of the Lok Sabha, an official order said. Singh, a 1986 batch IAS officer of Uttrakhand Cadre, will assume charge on December 1. He will succeed incumbent Snehlata Shrivastava.\n\nSingh has been appointed as Secretary General of the Lok Sabha in the rank and status of Cabinet Secretary with effect from December 1, 2020, the Lok Sabha secretariat said in a statement.\n\nAt present, he is posted as Secretary in the Lok Sabha secretariat.\n#Elections With\nAssembly Election News\nAllWest BengalTamil NaduAssamKeralaPuducherry\nWest Bengal second phase polls by and large peaceful till 11 am, sporadic skirmishes reported\nLocal BJP leader detained in Bengal for coming within 100 metres of pooling booth\nMamata to stay for whole day, TMC complains agents not allowed in several booths\nLive: Amid brisk polling. TMC& BJP allege voter intimidation\n\nAccording to the statement, Singh has 34 years of \"rich and varied\" administrative experience and has served in both central and state governments in various capacities.\n\nHis tenure as Chief Secretary of Uttarakhand for more than two-and-a-half-years provided an enhanced momentum in policy formulation and management across all sectors of the state and economy, the secretariat said. ngh has also held several important positions at the Centre, as Additional Secretary, Ministry of Agriculture and Farmers Welfare, it said. JTR RHL","15":"New Delhi: Lok Sabha Speaker Om Birla on Monday appointed senior IAS officer Utpal Kumar Singh as Secretary General of the Lok Sabha, an official order said. Singh, a 1986 batch IAS officer of Uttrakhand Cadre, will assume charge on December 1. He will succeed incumbent Snehlata Shrivastava.\n\nSingh has been appointed as Secretary General of the Lok Sabha in the rank and status of Cabinet Secretary with effect from December 1, 2020, the Lok Sabha secretariat said in a statement.\n\nAt present, he is posted as Secretary in the Lok Sabha secretariat.\n#Elections With\nAssembly Election News\nAllWest BengalTamil NaduAssamKeralaPuducherry\nWest Bengal second phase polls by and large peaceful till 11 am, sporadic skirmishes reported\nLocal BJP leader detained in Bengal for coming within 100 metres of pooling booth\nMamata to stay for whole day, TMC complains agents not allowed in several booths\nLive: Amid brisk polling. TMC& BJP allege voter intimidation\n\nAccording to the statement, Singh has 34 years of \"rich and varied\" administrative experience and has served in both central and state governments in various capacities.\n\nHis tenure as Chief Secretary of Uttarakhand for more than two-and-a-half-years provided an enhanced momentum in policy formulation and management across all sectors of the state and economy, the secretariat said. ngh has also held several important positions at the Centre, as Additional Secretary, Ministry of Agriculture and Farmers Welfare, it said. JTR RHL","16":"New Delhi: Lok Sabha Speaker Om Birla on Monday appointed senior IAS officer Utpal Kumar Singh as Secretary General of the Lok Sabha, an official order said. Singh, a 1986 batch IAS officer of Uttrakhand Cadre, will assume charge on December 1. He will succeed incumbent Snehlata Shrivastava.\n\nSingh has been appointed as Secretary General of the Lok Sabha in the rank and status of Cabinet Secretary with effect from December 1, 2020, the Lok Sabha secretariat said in a statement.\n\nAt present, he is posted as Secretary in the Lok Sabha secretariat.\n#Elections With\nAssembly Election News\nAllWest BengalTamil NaduAssamKeralaPuducherry\nWest Bengal second phase polls by and large peaceful till 11 am, sporadic skirmishes reported\nLocal BJP leader detained in Bengal for coming within 100 metres of pooling booth\nMamata to stay for whole day, TMC complains agents not allowed in several booths\nLive: Amid brisk polling. TMC& BJP allege voter intimidation\n\nAccording to the statement, Singh has 34 years of \"rich and varied\" administrative experience and has served in both central and state governments in various capacities.\n\nHis tenure as Chief Secretary of Uttarakhand for more than two-and-a-half-years provided an enhanced momentum in policy formulation and management across all sectors of the state and economy, the secretariat said. ngh has also held several important positions at the Centre, as Additional Secretary, Ministry of Agriculture and Farmers Welfare, it said. JTR RHL","17":"New Delhi: Lok Sabha Speaker Om Birla on Monday appointed senior IAS officer Utpal Kumar Singh as Secretary General of the Lok Sabha, an official order said. Singh, a 1986 batch IAS officer of Uttrakhand Cadre, will assume charge on December 1. He will succeed incumbent Snehlata Shrivastava.\n\nSingh has been appointed as Secretary General of the Lok Sabha in the rank and status of Cabinet Secretary with effect from December 1, 2020, the Lok Sabha secretariat said in a statement.\n\nAt present, he is posted as Secretary in the Lok Sabha secretariat.\n#Elections With\nAssembly Election News\nAllWest BengalTamil NaduAssamKeralaPuducherry\nWest Bengal second phase polls by and large peaceful till 11 am, sporadic skirmishes reported\nLocal BJP leader detained in Bengal for coming within 100 metres of pooling booth\nMamata to stay for whole day, TMC complains agents not allowed in several booths\nLive: Amid brisk polling. TMC& BJP allege voter intimidation\n\nAccording to the statement, Singh has 34 years of \"rich and varied\" administrative experience and has served in both central and state governments in various capacities.\n\nHis tenure as Chief Secretary of Uttarakhand for more than two-and-a-half-years provided an enhanced momentum in policy formulation and management across all sectors of the state and economy, the secretariat said. ngh has also held several important positions at the Centre, as Additional Secretary, Ministry of Agriculture and Farmers Welfare, it said. JTR RHL","18":"New Delhi: Lok Sabha Speaker Om Birla on Monday appointed senior IAS officer Utpal Kumar Singh as Secretary General of the Lok Sabha, an official order said. Singh, a 1986 batch IAS officer of Uttrakhand Cadre, will assume charge on December 1. He will succeed incumbent Snehlata Shrivastava.\n\nSingh has been appointed as Secretary General of the Lok Sabha in the rank and status of Cabinet Secretary with effect from December 1, 2020, the Lok Sabha secretariat said in a statement.\n\nAt present, he is posted as Secretary in the Lok Sabha secretariat.\n#Elections With\nAssembly Election News\nAllWest BengalTamil NaduAssamKeralaPuducherry\nWest Bengal second phase polls by and large peaceful till 11 am, sporadic skirmishes reported\nLocal BJP leader detained in Bengal for coming within 100 metres of pooling booth\nMamata to stay for whole day, TMC complains agents not allowed in several booths\nLive: Amid brisk polling. TMC& BJP allege voter intimidation\n\nAccording to the statement, Singh has 34 years of \"rich and varied\" administrative experience and has served in both central and state governments in various capacities.\n\nHis tenure as Chief Secretary of Uttarakhand for more than two-and-a-half-years provided an enhanced momentum in policy formulation and management across all sectors of the state and economy, the secretariat said. ngh has also held several important positions at the Centre, as Additional Secretary, Ministry of Agriculture and Farmers Welfare, it said. JTR RHL","19":"New Delhi: Lok Sabha Speaker Om Birla on Monday appointed senior IAS officer Utpal Kumar Singh as Secretary General of the Lok Sabha, an official order said. Singh, a 1986 batch IAS officer of Uttrakhand Cadre, will assume charge on December 1. He will succeed incumbent Snehlata Shrivastava.\n\nSingh has been appointed as Secretary General of the Lok Sabha in the rank and status of Cabinet Secretary with effect from December 1, 2020, the Lok Sabha secretariat said in a statement.\n\nAt present, he is posted as Secretary in the Lok Sabha secretariat.\n#Elections With\nAssembly Election News\nAllWest BengalTamil NaduAssamKeralaPuducherry\nWest Bengal second phase polls by and large peaceful till 11 am, sporadic skirmishes reported\nLocal BJP leader detained in Bengal for coming within 100 metres of pooling booth\nMamata to stay for whole day, TMC complains agents not allowed in several booths\nLive: Amid brisk polling. TMC& BJP allege voter intimidation\n\nAccording to the statement, Singh has 34 years of \"rich and varied\" administrative experience and has served in both central and state governments in various capacities.\n\nHis tenure as Chief Secretary of Uttarakhand for more than two-and-a-half-years provided an enhanced momentum in policy formulation and management across all sectors of the state and economy, the secretariat said. ngh has also held several important positions at the Centre, as Additional Secretary, Ministry of Agriculture and Farmers Welfare, it said. JTR RHL","20":"New Delhi: Lok Sabha Speaker Om Birla on Monday appointed senior IAS officer Utpal Kumar Singh as Secretary General of the Lok Sabha, an official order said. Singh, a 1986 batch IAS officer of Uttrakhand Cadre, will assume charge on December 1. He will succeed incumbent Snehlata Shrivastava.\n\nSingh has been appointed as Secretary General of the Lok Sabha in the rank and status of Cabinet Secretary with effect from December 1, 2020, the Lok Sabha secretariat said in a statement.\n\nAt present, he is posted as Secretary in the Lok Sabha secretariat.\n#Elections With\nAssembly Election News\nAllWest BengalTamil NaduAssamKeralaPuducherry\nWest Bengal second phase polls by and large peaceful till 11 am, sporadic skirmishes reported\nLocal BJP leader detained in Bengal for coming within 100 metres of pooling booth\nMamata to stay for whole day, TMC complains agents not allowed in several booths\nLive: Amid brisk polling. TMC& BJP allege voter intimidation\n\nAccording to the statement, Singh has 34 years of \"rich and varied\" administrative experience and has served in both central and state governments in various capacities.\n\nHis tenure as Chief Secretary of Uttarakhand for more than two-and-a-half-years provided an enhanced momentum in policy formulation and management across all sectors of the state and economy, the secretariat said. ngh has also held several important positions at the Centre, as Additional Secretary, Ministry of Agriculture and Farmers Welfare, it said. JTR RHL","21":"New Delhi: Lok Sabha Speaker Om Birla on Monday appointed senior IAS officer Utpal Kumar Singh as Secretary General of the Lok Sabha, an official order said. Singh, a 1986 batch IAS officer of Uttrakhand Cadre, will assume charge on December 1. He will succeed incumbent Snehlata Shrivastava.\n\nSingh has been appointed as Secretary General of the Lok Sabha in the rank and status of Cabinet Secretary with effect from December 1, 2020, the Lok Sabha secretariat said in a statement.\n\nAt present, he is posted as Secretary in the Lok Sabha secretariat.\n#Elections With\nAssembly Election News\nAllWest BengalTamil NaduAssamKeralaPuducherry\nWest Bengal second phase polls by and large peaceful till 11 am, sporadic skirmishes reported\nLocal BJP leader detained in Bengal for coming within 100 metres of pooling booth\nMamata to stay for whole day, TMC complains agents not allowed in several booths\nLive: Amid brisk polling. TMC& BJP allege voter intimidation\n\nAccording to the statement, Singh has 34 years of \"rich and varied\" administrative experience and has served in both central and state governments in various capacities.\n\nHis tenure as Chief Secretary of Uttarakhand for more than two-and-a-half-years provided an enhanced momentum in policy formulation and management across all sectors of the state and economy, the secretariat said. ngh has also held several important positions at the Centre, as Additional Secretary, Ministry of Agriculture and Farmers Welfare, it said. JTR RHL","22":"New Delhi: Lok Sabha Speaker Om Birla on Monday appointed senior IAS officer Utpal Kumar Singh as Secretary General of the Lok Sabha, an official order said. Singh, a 1986 batch IAS officer of Uttrakhand Cadre, will assume charge on December 1. He will succeed incumbent Snehlata Shrivastava.\n\nSingh has been appointed as Secretary General of the Lok Sabha in the rank and status of Cabinet Secretary with effect from December 1, 2020, the Lok Sabha secretariat said in a statement.\n\nAt present, he is posted as Secretary in the Lok Sabha secretariat.\n#Elections With\nAssembly Election News\nAllWest BengalTamil NaduAssamKeralaPuducherry\nWest Bengal second phase polls by and large peaceful till 11 am, sporadic skirmishes reported\nLocal BJP leader detained in Bengal for coming within 100 metres of pooling booth\nMamata to stay for whole day, TMC complains agents not allowed in several booths\nLive: Amid brisk polling. TMC& BJP allege voter intimidation\n\nAccording to the statement, Singh has 34 years of \"rich and varied\" administrative experience and has served in both central and state governments in various capacities.\n\nHis tenure as Chief Secretary of Uttarakhand for more than two-and-a-half-years provided an enhanced momentum in policy formulation and management across all sectors of the state and economy, the secretariat said. ngh has also held several important positions at the Centre, as Additional Secretary, Ministry of Agriculture and Farmers Welfare, it said. JTR RHL","23":"New Delhi: Lok Sabha Speaker Om Birla on Monday appointed senior IAS officer Utpal Kumar Singh as Secretary General of the Lok Sabha, an official order said. Singh, a 1986 batch IAS officer of Uttrakhand Cadre, will assume charge on December 1. He will succeed incumbent Snehlata Shrivastava.\n\nSingh has been appointed as Secretary General of the Lok Sabha in the rank and status of Cabinet Secretary with effect from December 1, 2020, the Lok Sabha secretariat said in a statement.\n\nAt present, he is posted as Secretary in the Lok Sabha secretariat.\n#Elections With\nAssembly Election News\nAllWest BengalTamil NaduAssamKeralaPuducherry\nWest Bengal second phase polls by and large peaceful till 11 am, sporadic skirmishes reported\nLocal BJP leader detained in Bengal for coming within 100 metres of pooling booth\nMamata to stay for whole day, TMC complains agents not allowed in several booths\nLive: Amid brisk polling. TMC& BJP allege voter intimidation\n\nAccording to the statement, Singh has 34 years of \"rich and varied\" administrative experience and has served in both central and state governments in various capacities.\n\nHis tenure as Chief Secretary of Uttarakhand for more than two-and-a-half-years provided an enhanced momentum in policy formulation and management across all sectors of the state and economy, the secretariat said. ngh has also held several important positions at the Centre, as Additional Secretary, Ministry of Agriculture and Farmers Welfare, it said. JTR RHL","24":"New Delhi: Lok Sabha Speaker Om Birla on Monday appointed senior IAS officer Utpal Kumar Singh as Secretary General of the Lok Sabha, an official order said. Singh, a 1986 batch IAS officer of Uttrakhand Cadre, will assume charge on December 1. He will succeed incumbent Snehlata Shrivastava.\n\nSingh has been appointed as Secretary General of the Lok Sabha in the rank and status of Cabinet Secretary with effect from December 1, 2020, the Lok Sabha secretariat said in a statement.\n\nAt present, he is posted as Secretary in the Lok Sabha secretariat.\n#Elections With\nAssembly Election News\nAllWest BengalTamil NaduAssamKeralaPuducherry\nWest Bengal second phase polls by and large peaceful till 11 am, sporadic skirmishes reported\nLocal BJP leader detained in Bengal for coming within 100 metres of pooling booth\nMamata to stay for whole day, TMC complains agents not allowed in several booths\nLive: Amid brisk polling. TMC& BJP allege voter intimidation\n\nAccording to the statement, Singh has 34 years of \"rich and varied\" administrative experience and has served in both central and state governments in various capacities.\n\nHis tenure as Chief Secretary of Uttarakhand for more than two-and-a-half-years provided an enhanced momentum in policy formulation and management across all sectors of the state and economy, the secretariat said. ngh has also held several important positions at the Centre, as Additional Secretary, Ministry of Agriculture and Farmers Welfare, it said. JTR RHL","25":"New Delhi: Lok Sabha Speaker Om Birla on Monday appointed senior IAS officer Utpal Kumar Singh as Secretary General of the Lok Sabha, an official order said. Singh, a 1986 batch IAS officer of Uttrakhand Cadre, will assume charge on December 1. He will succeed incumbent Snehlata Shrivastava.\n\nSingh has been appointed as Secretary General of the Lok Sabha in the rank and status of Cabinet Secretary with effect from December 1, 2020, the Lok Sabha secretariat said in a statement.\n\nAt present, he is posted as Secretary in the Lok Sabha secretariat.\n#Elections With\nAssembly Election News\nAllWest BengalTamil NaduAssamKeralaPuducherry\nWest Bengal second phase polls by and large peaceful till 11 am, sporadic skirmishes reported\nLocal BJP leader detained in Bengal for coming within 100 metres of pooling booth\nMamata to stay for whole day, TMC complains agents not allowed in several booths\nLive: Amid brisk polling. TMC& BJP allege voter intimidation\n\nAccording to the statement, Singh has 34 years of \"rich and varied\" administrative experience and has served in both central and state governments in various capacities.\n\nHis tenure as Chief Secretary of Uttarakhand for more than two-and-a-half-years provided an enhanced momentum in policy formulation and management across all sectors of the state and economy, the secretariat said. ngh has also held several important positions at the Centre, as Additional Secretary, Ministry of Agriculture and Farmers Welfare, it said. JTR RHL","26":"New Delhi: Lok Sabha Speaker Om Birla on Monday appointed senior IAS officer Utpal Kumar Singh as Secretary General of the Lok Sabha, an official order said. Singh, a 1986 batch IAS officer of Uttrakhand Cadre, will assume charge on December 1. He will succeed incumbent Snehlata Shrivastava.\n\nSingh has been appointed as Secretary General of the Lok Sabha in the rank and status of Cabinet Secretary with effect from December 1, 2020, the Lok Sabha secretariat said in a statement.\n\nAt present, he is posted as Secretary in the Lok Sabha secretariat.\n#Elections With\nAssembly Election News\nAllWest BengalTamil NaduAssamKeralaPuducherry\nWest Bengal second phase polls by and large peaceful till 11 am, sporadic skirmishes reported\nLocal BJP leader detained in Bengal for coming within 100 metres of pooling booth\nMamata to stay for whole day, TMC complains agents not allowed in several booths\nLive: Amid brisk polling. TMC& BJP allege voter intimidation\n\nAccording to the statement, Singh has 34 years of \"rich and varied\" administrative experience and has served in both central and state governments in various capacities.\n\nHis tenure as Chief Secretary of Uttarakhand for more than two-and-a-half-years provided an enhanced momentum in policy formulation and management across all sectors of the state and economy, the secretariat said. ngh has also held several important positions at the Centre, as Additional Secretary, Ministry of Agriculture and Farmers Welfare, it said. JTR RHL","27":"New Delhi: Lok Sabha Speaker Om Birla on Monday appointed senior IAS officer Utpal Kumar Singh as Secretary General of the Lok Sabha, an official order said. Singh, a 1986 batch IAS officer of Uttrakhand Cadre, will assume charge on December 1. He will succeed incumbent Snehlata Shrivastava.\n\nSingh has been appointed as Secretary General of the Lok Sabha in the rank and status of Cabinet Secretary with effect from December 1, 2020, the Lok Sabha secretariat said in a statement.\n\nAt present, he is posted as Secretary in the Lok Sabha secretariat.\n#Elections With\nAssembly Election News\nAllWest BengalTamil NaduAssamKeralaPuducherry\nWest Bengal second phase polls by and large peaceful till 11 am, sporadic skirmishes reported\nLocal BJP leader detained in Bengal for coming within 100 metres of pooling booth\nMamata to stay for whole day, TMC complains agents not allowed in several booths\nLive: Amid brisk polling. TMC& BJP allege voter intimidation\n\nAccording to the statement, Singh has 34 years of \"rich and varied\" administrative experience and has served in both central and state governments in various capacities.\n\nHis tenure as Chief Secretary of Uttarakhand for more than two-and-a-half-years provided an enhanced momentum in policy formulation and management across all sectors of the state and economy, the secretariat said. ngh has also held several important positions at the Centre, as Additional Secretary, Ministry of Agriculture and Farmers Welfare, it said. JTR RHL","28":"New Delhi: Lok Sabha Speaker Om Birla on Monday appointed senior IAS officer Utpal Kumar Singh as Secretary General of the Lok Sabha, an official order said. Singh, a 1986 batch IAS officer of Uttrakhand Cadre, will assume charge on December 1. He will succeed incumbent Snehlata Shrivastava.\n\nSingh has been appointed as Secretary General of the Lok Sabha in the rank and status of Cabinet Secretary with effect from December 1, 2020, the Lok Sabha secretariat said in a statement.\n\nAt present, he is posted as Secretary in the Lok Sabha secretariat.\n#Elections With\nAssembly Election News\nAllWest BengalTamil NaduAssamKeralaPuducherry\nWest Bengal second phase polls by and large peaceful till 11 am, sporadic skirmishes reported\nLocal BJP leader detained in Bengal for coming within 100 metres of pooling booth\nMamata to stay for whole day, TMC complains agents not allowed in several booths\nLive: Amid brisk polling. TMC& BJP allege voter intimidation\n\nAccording to the statement, Singh has 34 years of \"rich and varied\" administrative experience and has served in both central and state governments in various capacities.\n\nHis tenure as Chief Secretary of Uttarakhand for more than two-and-a-half-years provided an enhanced momentum in policy formulation and management across all sectors of the state and economy, the secretariat said. ngh has also held several important positions at the Centre, as Additional Secretary, Ministry of Agriculture and Farmers Welfare, it said. JTR RHL","29":"New Delhi: Lok Sabha Speaker Om Birla on Monday appointed senior IAS officer Utpal Kumar Singh as Secretary General of the Lok Sabha, an official order said. Singh, a 1986 batch IAS officer of Uttrakhand Cadre, will assume charge on December 1. He will succeed incumbent Snehlata Shrivastava.\n\nSingh has been appointed as Secretary General of the Lok Sabha in the rank and status of Cabinet Secretary with effect from December 1, 2020, the Lok Sabha secretariat said in a statement.\n\nAt present, he is posted as Secretary in the Lok Sabha secretariat.\n#Elections With\nAssembly Election News\nAllWest BengalTamil NaduAssamKeralaPuducherry\nWest Bengal second phase polls by and large peaceful till 11 am, sporadic skirmishes reported\nLocal BJP leader detained in Bengal for coming within 100 metres of pooling booth\nMamata to stay for whole day, TMC complains agents not allowed in several booths\nLive: Amid brisk polling. TMC& BJP allege voter intimidation\n\nAccording to the statement, Singh has 34 years of \"rich and varied\" administrative experience and has served in both central and state governments in various capacities.\n\nHis tenure as Chief Secretary of Uttarakhand for more than two-and-a-half-years provided an enhanced momentum in policy formulation and management across all sectors of the state and economy, the secretariat said. ngh has also held several important positions at the Centre, as Additional Secretary, Ministry of Agriculture and Farmers Welfare, it said. JTR RHL"}}